"CountryCode","LookupKey","Bic","BankCode","BranchCode","BankName","Source"
"HU","100","HUSTHUHB","100","","Magyar Államkincstár","Hungarian branch office register (sht.csv)"
"HU","101","MKKBHUHB","101","","MBH Bank Nyrt","Hungarian branch office register (sht.csv)"
"HU","102","OKHBHUHB","102","","K&H Bank Zrt","Hungarian branch office register (sht.csv)"
"HU","103","MKKBHUHB","103","","MBH Bank Nyrt","Hungarian branch office register (sht.csv)"
"HU","104","OKHBHUHB","104","","K&H Bank Zrt","Hungarian branch office register (sht.csv)"
"HU","107","CIBHHUHB","107","","CIB Bank Zrt","Hungarian branch office register (sht.csv)"
"HU","108","CITIHUHX","108","","Citibank Europe Plc","Hungarian branch office register (sht.csv)"
"HU","109","BACXHUHB","109","","UniCredit Bank Hungary Zrt","Hungarian branch office register (sht.csv)"
"HU","111","CIBHHUHB","111","","CIB Bank Zrt","Hungarian branch office register (sht.csv)"
"HU","115","TAKBHUHB","115","","MBH Befektetési Bank Zrt","Hungarian branch office register (sht.csv)"
"HU","116","GIBAHUHB","116","","Erste Bank Zrt","Hungarian branch office register (sht.csv)"
"HU","117","OTPVHUHB","117","","OTP Bank Nyrt","Hungarian branch office register (sht.csv)"
"HU","118","INTFBGSF","118","","iCARD AD","Hungarian branch office register (sht.csv)"
"HU","119","GIBAHUHB","119","","Erste Bank Zrt","Hungarian branch office register (sht.csv)"
"HU","120","UBRTHUHB","120","","Raiffeisen Bank Zrt","Hungarian branch office register (sht.csv)"
"HU","121","GNBAHUHB","121","","Gránit Bank Nyrt","Hungarian branch office register (sht.csv)"
"HU","125","GIBAHUHB","125","","Erste Bank Zrt","Hungarian branch office register (sht.csv)"
"HU","126","TRWIBEBB","126","","Wise Europe SA","Hungarian branch office register (sht.csv)"
"HU","128","MRKBHUHB","128","","MERKANTIL BANK Zrt","Hungarian branch office register (sht.csv)"
"HU","131","BNPAHUHX","131","","BNP-Paribas Magyarországi fióktelepe","Hungarian branch office register (sht.csv)"
"HU","135","KODBHUHB","135","","KDB Bank Európa Zrt","Hungarian branch office register (sht.csv)"
"HU","137","INGBHUHB","137","","ING Bank N.V","Hungarian branch office register (sht.csv)"
"HU","142","GIBAHUHB","142","","Erste Bank Zrt","Hungarian branch office register (sht.csv)"
"HU","144","KELRHUHBABC","144","","KELER Zrt","Hungarian branch office register (sht.csv)"
"HU","146","HBIDHUHB","146","","MFB Magyar Fejlesztési Bank Zrt","Hungarian branch office register (sht.csv)"
"HU","148","HEXIHUHB","148","","Eximbank Zrt","Hungarian branch office register (sht.csv)"
"HU","151","PAUALT22","151","","Paystrax UAB","Hungarian branch office register (sht.csv)"
"HU","162","HBWEHUHB","162","","MAGNET Bank Központi fiók","Hungarian branch office register (sht.csv)"
"HU","163","DEUTHU2B","163","","Deutsche Bank AG","Hungarian branch office register (sht.csv)"
"HU","167","MCBHHUHB","167","","Magyar Cofidis Bank Zrt","Hungarian branch office register (sht.csv)"
"HU","168","FHJBHUHB","168","","MBH Jelzálogbank Nyrt","Hungarian branch office register (sht.csv)"
"HU","170","OTPVHUHB","170","","OTP Bank Nyrt","Hungarian branch office register (sht.csv)"
"HU","171","BACXHUHB","171","","UniCredit Bank Hungary Zrt","Hungarian branch office register (sht.csv)"
"HU","175","BKCHHUHB","175","","Bank of China (CEE) Zrt","Hungarian branch office register (sht.csv)"
"HU","176","HBWEHUHB","176","","MAGNET Bank Központi fiók","Hungarian branch office register (sht.csv)"
"HU","178","BNPAHUHX","178","","BNP-Paribas Magyarországi fióktelepe","Hungarian branch office register (sht.csv)"
"HU","181","MKKBHUHB","181","","MBH Bank Nyrt","Hungarian branch office register (sht.csv)"
"HU","182","MKKBHUHB","182","","MBH Bank Nyrt","Hungarian branch office register (sht.csv)"
"HU","183","BNPAHUHX","183","","BNP-Paribas Magyarországi fióktelepe","Hungarian branch office register (sht.csv)"
"HU","184","OBKLHUHB","184","","OBERBANK Ag, Magyarországi fióktelep","Hungarian branch office register (sht.csv)"
"HU","190","MANEHUHH","190","","Magyar Nemzeti Bank","Hungarian branch office register (sht.csv)"
"HU","196","CLSBUS33","196","","CLS Bank International","Hungarian branch office register (sht.csv)"
"HU","197","BKCHHUHH","197","","Bank of China Limited Mo-i Fióktelepe","Hungarian branch office register (sht.csv)"
"HU","200","OTPVHUHB","200","","OTP Bank Nyrt","Hungarian branch office register (sht.csv)"
"HU","222","OFSZHUHB","222","","O.F.SZ. Zrt","Hungarian branch office register (sht.csv)"
"HU","297","ELFZHUHH","297","","Első Fedezetkezelő Zrt","Hungarian branch office register (sht.csv)"
"HU","298","BCIRLULL","298","","Banking Circle S.A","Hungarian branch office register (sht.csv)"
"HU","299","THZTHUHH","299","","Trive Bank Europe Zrt","Hungarian branch office register (sht.csv)"
"HU","302","REVOHUHB","302","","REVOLUT BANK UAB","Hungarian branch office register (sht.csv)"
"HU","304","BBIXHUHH","304","","BinX Zrt","Hungarian branch office register (sht.csv)"
"HU","305","DIUALT22","305","","DiPocket UAB","Hungarian branch office register (sht.csv)"
"HU","307","CITFCZPP","307","","Citfin, sporitelni druzstvo","Hungarian branch office register (sht.csv)"
"HU","308","HZMNHUHH","308","","HUNFedezetkezelő Zrt","Hungarian branch office register (sht.csv)"
"HU","310","SLTPISRE","310","","TEYA ICELAND HF","Hungarian branch office register (sht.csv)"
"HU","311","POLBHU22","311","","Polgári Bank Zrt","Hungarian branch office register (sht.csv)"
"HU","500","MKKBHUHB","500","","MBH Bank Nyrt","Hungarian branch office register (sht.csv)"
"HU","501","MKKBHUHB","501","","MBH Bank Nyrt","Hungarian branch office register (sht.csv)"
"HU","503","MKKBHUHB","503","","MBH Bank Nyrt","Hungarian branch office register (sht.csv)"
"HU","504","MKKBHUHB","504","","MBH Bank Nyrt","Hungarian branch office register (sht.csv)"
"HU","507","MKKBHUHB","507","","MBH Bank Nyrt","Hungarian branch office register (sht.csv)"
"HU","508","MKKBHUHB","508","","MBH Bank Nyrt","Hungarian branch office register (sht.csv)"
"HU","510","MKKBHUHB","510","","MBH Bank Nyrt","Hungarian branch office register (sht.csv)"
"HU","511","MKKBHUHB","511","","MBH Bank Nyrt","Hungarian branch office register (sht.csv)"
"HU","512","MKKBHUHB","512","","MBH Bank Nyrt","Hungarian branch office register (sht.csv)"
"HU","514","MKKBHUHB","514","","MBH Bank Nyrt","Hungarian branch office register (sht.csv)"
"HU","515","MKKBHUHB","515","","MBH Bank Nyrt","Hungarian branch office register (sht.csv)"
"HU","517","MKKBHUHB","517","","MBH Bank Nyrt","Hungarian branch office register (sht.csv)"
"HU","519","MKKBHUHB","519","","MBH Bank Nyrt","Hungarian branch office register (sht.csv)"
"HU","520","MKKBHUHB","520","","MBH Bank Nyrt","Hungarian branch office register (sht.csv)"
"HU","523","MKKBHUHB","523","","MBH Bank Nyrt","Hungarian branch office register (sht.csv)"
"HU","525","MKKBHUHB","525","","MBH Bank Nyrt","Hungarian branch office register (sht.csv)"
"HU","526","MKKBHUHB","526","","MBH Bank Nyrt","Hungarian branch office register (sht.csv)"
"HU","528","MKKBHUHB","528","","MBH Bank Nyrt","Hungarian branch office register (sht.csv)"
"HU","531","MKKBHUHB","531","","MBH Bank Nyrt","Hungarian branch office register (sht.csv)"
"HU","532","MKKBHUHB","532","","MBH Bank Nyrt","Hungarian branch office register (sht.csv)"
"HU","533","MKKBHUHB","533","","MBH Bank Nyrt","Hungarian branch office register (sht.csv)"
"HU","535","MKKBHUHB","535","","MBH Bank Nyrt","Hungarian branch office register (sht.csv)"
"HU","536","MKKBHUHB","536","","MBH Bank Nyrt","Hungarian branch office register (sht.csv)"
"HU","537","MKKBHUHB","537","","MBH Bank Nyrt","Hungarian branch office register (sht.csv)"
"HU","539","MKKBHUHB","539","","MBH Bank Nyrt","Hungarian branch office register (sht.csv)"
"HU","540","MKKBHUHB","540","","MBH Bank Nyrt","Hungarian branch office register (sht.csv)"
"HU","542","MKKBHUHB","542","","MBH Bank Nyrt","Hungarian branch office register (sht.csv)"
"HU","543","MKKBHUHB","543","","MBH Bank Nyrt","Hungarian branch office register (sht.csv)"
"HU","545","MKKBHUHB","545","","MBH Bank Nyrt","Hungarian branch office register (sht.csv)"
"HU","546","MKKBHUHB","546","","MBH Bank Nyrt","Hungarian branch office register (sht.csv)"
"HU","551","MKKBHUHB","551","","MBH Bank Nyrt","Hungarian branch office register (sht.csv)"
"HU","554","MKKBHUHB","554","","MBH Bank Nyrt","Hungarian branch office register (sht.csv)"
"HU","556","MKKBHUHB","556","","MBH Bank Nyrt","Hungarian branch office register (sht.csv)"
"HU","558","MKKBHUHB","558","","MBH Bank Nyrt","Hungarian branch office register (sht.csv)"
"HU","568","MKKBHUHB","568","","MBH Bank Nyrt","Hungarian branch office register (sht.csv)"
"HU","569","MKKBHUHB","569","","MBH Bank Nyrt","Hungarian branch office register (sht.csv)"
"HU","571","MKKBHUHB","571","","MBH Bank Nyrt","Hungarian branch office register (sht.csv)"
"HU","572","MKKBHUHB","572","","MBH Bank Nyrt","Hungarian branch office register (sht.csv)"
"HU","574","MKKBHUHB","574","","MBH Bank Nyrt","Hungarian branch office register (sht.csv)"
"HU","576","MKKBHUHB","576","","MBH Bank Nyrt","Hungarian branch office register (sht.csv)"
"HU","577","MKKBHUHB","577","","MBH Bank Nyrt","Hungarian branch office register (sht.csv)"
"HU","578","MKKBHUHB","578","","MBH Bank Nyrt","Hungarian branch office register (sht.csv)"
"HU","581","MKKBHUHB","581","","MBH Bank Nyrt","Hungarian branch office register (sht.csv)"
"HU","586","DTBAHUHB","586","","MBH DUNA Bank Zrt","Hungarian branch office register (sht.csv)"
"HU","589","MKKBHUHB","589","","MBH Bank Nyrt","Hungarian branch office register (sht.csv)"
"HU","590","MKKBHUHB","590","","MBH Bank Nyrt","Hungarian branch office register (sht.csv)"
"HU","591","MKKBHUHB","591","","MBH Bank Nyrt","Hungarian branch office register (sht.csv)"
"HU","592","MKKBHUHB","592","","MBH Bank Nyrt","Hungarian branch office register (sht.csv)"
"HU","593","MKKBHUHB","593","","MBH Bank Nyrt","Hungarian branch office register (sht.csv)"
"HU","595","MKKBHUHB","595","","MBH Bank Nyrt","Hungarian branch office register (sht.csv)"
"HU","596","MKKBHUHB","596","","MBH Bank Nyrt","Hungarian branch office register (sht.csv)"
"HU","598","MKKBHUHB","598","","MBH Bank Nyrt","Hungarian branch office register (sht.csv)"
"HU","599","MKKBHUHB","599","","MBH Bank Nyrt","Hungarian branch office register (sht.csv)"
"HU","603","MKKBHUHB","603","","MBH Bank Nyrt","Hungarian branch office register (sht.csv)"
"HU","606","MKKBHUHB","606","","MBH Bank Nyrt","Hungarian branch office register (sht.csv)"
"HU","612","HBWEHUHB","612","","MAGNET Bank Központi fiók","Hungarian branch office register (sht.csv)"
"HU","614","MKKBHUHB","614","","MBH Bank Nyrt","Hungarian branch office register (sht.csv)"
"HU","616","MKKBHUHB","616","","MBH Bank Nyrt","Hungarian branch office register (sht.csv)"
"HU","619","MKKBHUHB","619","","MBH Bank Nyrt","Hungarian branch office register (sht.csv)"
"HU","620","MKKBHUHB","620","","MBH Bank Nyrt","Hungarian branch office register (sht.csv)"
"HU","621","MKKBHUHB","621","","MBH Bank Nyrt","Hungarian branch office register (sht.csv)"
"HU","623","MKKBHUHB","623","","MBH Bank Nyrt","Hungarian branch office register (sht.csv)"
"HU","626","MKKBHUHB","626","","MBH Bank Nyrt","Hungarian branch office register (sht.csv)"
"HU","627","MKKBHUHB","627","","MBH Bank Nyrt","Hungarian branch office register (sht.csv)"
"HU","628","MKKBHUHB","628","","MBH Bank Nyrt","Hungarian branch office register (sht.csv)"
"HU","629","MKKBHUHB","629","","MBH Bank Nyrt","Hungarian branch office register (sht.csv)"
"HU","632","MKKBHUHB","632","","MBH Bank Nyrt","Hungarian branch office register (sht.csv)"
"HU","633","MKKBHUHB","633","","MBH Bank Nyrt","Hungarian branch office register (sht.csv)"
"HU","636","MKKBHUHB","636","","MBH Bank Nyrt","Hungarian branch office register (sht.csv)"
"HU","638","MKKBHUHB","638","","MBH Bank Nyrt","Hungarian branch office register (sht.csv)"
"HU","640","MKKBHUHB","640","","MBH Bank Nyrt","Hungarian branch office register (sht.csv)"
"HU","644","MKKBHUHB","644","","MBH Bank Nyrt","Hungarian branch office register (sht.csv)"
"HU","647","MKKBHUHB","647","","MBH Bank Nyrt","Hungarian branch office register (sht.csv)"
"HU","648","MKKBHUHB","648","","MBH Bank Nyrt","Hungarian branch office register (sht.csv)"
"HU","651","MKKBHUHB","651","","MBH Bank Nyrt","Hungarian branch office register (sht.csv)"
"HU","652","MKKBHUHB","652","","MBH Bank Nyrt","Hungarian branch office register (sht.csv)"
"HU","655","MKKBHUHB","655","","MBH Bank Nyrt","Hungarian branch office register (sht.csv)"
"HU","657","MKKBHUHB","657","","MBH Bank Nyrt","Hungarian branch office register (sht.csv)"
"HU","659","MKKBHUHB","659","","MBH Bank Nyrt","Hungarian branch office register (sht.csv)"
"HU","660","MKKBHUHB","660","","MBH Bank Nyrt","Hungarian branch office register (sht.csv)"
"HU","669","MKKBHUHB","669","","MBH Bank Nyrt","Hungarian branch office register (sht.csv)"
"HU","670","MKKBHUHB","670","","MBH Bank Nyrt","Hungarian branch office register (sht.csv)"
"HU","676","MKKBHUHB","676","","MBH Bank Nyrt","Hungarian branch office register (sht.csv)"
"HU","678","MKKBHUHB","678","","MBH Bank Nyrt","Hungarian branch office register (sht.csv)"
"HU","679","MKKBHUHB","679","","MBH Bank Nyrt","Hungarian branch office register (sht.csv)"
"HU","680","MKKBHUHB","680","","MBH Bank Nyrt","Hungarian branch office register (sht.csv)"
"HU","682","MKKBHUHB","682","","MBH Bank Nyrt","Hungarian branch office register (sht.csv)"
"HU","685","MKKBHUHB","685","","MBH Bank Nyrt","Hungarian branch office register (sht.csv)"
"HU","687","MKKBHUHB","687","","MBH Bank Nyrt","Hungarian branch office register (sht.csv)"
"HU","688","MKKBHUHB","688","","MBH Bank Nyrt","Hungarian branch office register (sht.csv)"
"HU","693","MKKBHUHB","693","","MBH Bank Nyrt","Hungarian branch office register (sht.csv)"
"HU","694","MKKBHUHB","694","","MBH Bank Nyrt","Hungarian branch office register (sht.csv)"
"HU","695","MKKBHUHB","695","","MBH Bank Nyrt","Hungarian branch office register (sht.csv)"
"HU","698","MKKBHUHB","698","","MBH Bank Nyrt","Hungarian branch office register (sht.csv)"
"HU","701","MKKBHUHB","701","","MBH Bank Nyrt","Hungarian branch office register (sht.csv)"
"HU","703","MKKBHUHB","703","","MBH Bank Nyrt","Hungarian branch office register (sht.csv)"
"HU","704","MKKBHUHB","704","","MBH Bank Nyrt","Hungarian branch office register (sht.csv)"
"HU","705","MKKBHUHB","705","","MBH Bank Nyrt","Hungarian branch office register (sht.csv)"
"HU","706","MKKBHUHB","706","","MBH Bank Nyrt","Hungarian branch office register (sht.csv)"
"HU","709","MKKBHUHB","709","","MBH Bank Nyrt","Hungarian branch office register (sht.csv)"
"HU","718","MKKBHUHB","718","","MBH Bank Nyrt","Hungarian branch office register (sht.csv)"
"HU","719","MKKBHUHB","719","","MBH Bank Nyrt","Hungarian branch office register (sht.csv)"
"HU","721","MKKBHUHB","721","","MBH Bank Nyrt","Hungarian branch office register (sht.csv)"
"HU","726","MKKBHUHB","726","","MBH Bank Nyrt","Hungarian branch office register (sht.csv)"
"HU","727","MKKBHUHB","727","","MBH Bank Nyrt","Hungarian branch office register (sht.csv)"
"HU","728","MKKBHUHB","728","","MBH Bank Nyrt","Hungarian branch office register (sht.csv)"
"HU","729","MKKBHUHB","729","","MBH Bank Nyrt","Hungarian branch office register (sht.csv)"
"HU","732","MKKBHUHB","732","","MBH Bank Nyrt","Hungarian branch office register (sht.csv)"
"HU","736","MKKBHUHB","736","","MBH Bank Nyrt","Hungarian branch office register (sht.csv)"
"HU","739","MKKBHUHB","739","","MBH Bank Nyrt","Hungarian branch office register (sht.csv)"
"HU","740","MKKBHUHB","740","","MBH Bank Nyrt","Hungarian branch office register (sht.csv)"
"HU","745","MKKBHUHB","745","","MBH Bank Nyrt","Hungarian branch office register (sht.csv)"
"HU","750","MKKBHUHB","750","","MBH Bank Nyrt","Hungarian branch office register (sht.csv)"
"HU","755","MKKBHUHB","755","","MBH Bank Nyrt","Hungarian branch office register (sht.csv)"
"HU","757","MKKBHUHB","757","","MBH Bank Nyrt","Hungarian branch office register (sht.csv)"
"HU","803","MKKBHUHB","803","","MBH Bank Nyrt","Hungarian branch office register (sht.csv)"
"HU","806","MKKBHUHB","806","","MBH Bank Nyrt","Hungarian branch office register (sht.csv)"
"HU","880","FLTPHUHB","880","","Fundamenta-Lakáskassza Zrt","Hungarian branch office register (sht.csv)"
"HU","881","OTPVHUHB","881","","OTP Bank Nyrt","Hungarian branch office register (sht.csv)"
"HU","882","FLTPHUHB","882","","Fundamenta-Lakáskassza Zrt","Hungarian branch office register (sht.csv)"
"HU","883","FLTPHUHB","883","","Fundamenta-Lakáskassza Zrt","Hungarian branch office register (sht.csv)"
"HU","884","OTPJHUHB","884","","OTP Jelzálogbank Zrt","Hungarian branch office register (sht.csv)"
"HU","888","OKHBHUHB","888","","K&H Bank Zrt","Hungarian branch office register (sht.csv)"
"HU","903","HUPOHUHB","903","","Postai Elszámoló Központ","Hungarian branch office register (sht.csv)"
